month,monthNumber,principalOutstandingStart,emi,emiPaid,emiLeftOrExtra,principalInEMI,principalPaid,principalLeftOrExtra,interestInEMI,interestPaid,interestLeft,additionalPrincipal,effectiveRatePerPeriod
Dec 2024,1,350000.00,11097.36,11097.36,0.00,8530.69,8530.69,0.00,2566.67,2566.67,0.00,0.00,0.73333%
Jan 2025,2,341469.31,11097.36,11097.36,78000.00,8593.25,86593.25,78000.00,2504.11,2504.11,0.00,0.00,0.73333%
Mar 2025,3,254876.06,11097.36,11097.36,77000.00,9228.27,86228.27,77000.00,1869.09,1869.09,0.00,0.00,0.73333%
Mar 2025,4,168647.80,11097.36,11097.36,0.00,9860.61,9860.61,0.00,1236.75,1236.75,0.00,0.00,0.73333%
Apr 2025,5,158787.19,11097.36,11097.36,100000.00,9932.92,109932.92,100000.00,1164.44,1164.44,0.00,0.00,0.73333%
May 2025,6,48854.28,11097.36,11097.36,37000.00,10739.09,47739.09,37000.00,358.26,358.26,0.00,0.00,0.73333%
Jun 2025,7,1115.18,1123.36,1123.36,0.00,1115.18,1115.18,0.00,8.18,8.18,0.00,0.00,0.73333%